site,imprinted_adults,primary_infants,entropy,neff
1,0.000,0.000,0.000,1.000
2,0.062,0.007,0.000,1.000
3,0.290,0.114,0.041,1.042
4,0.031,0.296,0.000,1.000
5,0.035,0.082,0.056,1.058
6,0.173,0.117,0.009,1.009
7,0.146,0.157,0.000,1.000
8,0.134,0.286,0.000,1.000
9,0.116,2.562,0.006,1.006
10,0.154,0.144,0.000,1.000
11,0.197,1.755,0.000,1.000
12,0.100,1.451,0.045,1.046
13,0.121,1.395,0.014,1.014
14,0.122,2.139,0.025,1.025
15,0.330,4.755,0.009,1.009
16,0.050,1.948,0.012,1.012
17,0.016,0.826,0.003,1.003
18,0.806,7.046,0.126,1.135
19,0.636,5.571,1.012,2.751
20,0.125,2.142,0.099,1.104
21,0.605,3.623,0.199,1.220
22,0.229,1.725,0.040,1.041
23,0.170,1.142,0.011,1.011
24,,,0.695,2.004
25,,,0.694,2.002
26,,,0.769,2.158
27,0.512,2.694,0.694,2.002
28,0.058,0.943,0.008,1.008
29,0.236,1.208,0.030,1.030
30,0.377,0.949,0.003,1.003
31,0.508,0.982,0.059,1.061
32,0.356,0.680,0.003,1.003
33,0.000,0.816,0.000,1.000
34,0.039,0.140,0.000,1.000
35,0.000,0.101,0.003,1.003
36,0.228,0.132,0.000,1.000
37,0.000,0.000,0.003,1.003
38,0.230,0.128,0.000,1.000
39,0.577,0.531,0.000,1.000
40,0.000,0.000,0.000,1.000
41,0.161,0.270,0.000,1.000
42,0.488,0.265,0.000,1.000
43,0.013,0.000,0.000,1.000
44,0.308,0.173,0.000,1.000
45,0.326,0.256,0.003,1.003
46,0.000,0.000,0.003,1.003
47,0.000,0.003,0.000,1.000
48,0.000,0.000,0.000,1.000
49,0.171,0.046,0.027,1.027
50,0.000,0.000,0.194,1.214
51,0.218,0.115,0.000,1.000
52,0.115,0.023,0.128,1.136
53,0.612,0.105,0.011,1.011
54,0.000,0.000,0.034,1.035
55,0.172,0.024,0.009,1.009
56,0.088,0.299,0.006,1.006
57,0.000,0.000,0.006,1.006
58,0.130,0.191,0.000,1.000
59,0.320,0.072,0.029,1.030
60,0.123,0.082,0.000,1.000
61,0.097,0.034,0.000,1.000
62,0.439,0.535,0.006,1.006
63,0.000,0.031,0.003,1.003
64,0.081,0.221,0.006,1.006
65,0.115,0.071,0.006,1.006
66,0.260,1.040,0.006,1.006
67,0.417,3.192,0.264,1.302
68,0.233,0.231,0.033,1.034
69,0.251,1.193,1.025,2.787
70,0.350,0.279,1.041,2.833
71,0.153,0.361,0.023,1.023
72,0.020,0.000,0.023,1.023
73,0.103,0.060,0.017,1.017
74,0.358,0.114,0.027,1.028
75,0.171,0.428,0.043,1.044
76,0.313,0.059,0.030,1.030
77,0.076,0.167,0.011,1.011
78,0.239,0.192,0.014,1.014
79,0.133,0.421,0.006,1.006
80,0.165,0.358,0.134,1.143
81,0.048,1.684,0.006,1.006
82,0.215,0.470,0.003,1.003
83,0.497,1.807,0.377,1.458
84,0.706,0.740,0.006,1.006
85,0.093,0.712,0.012,1.012
86,0.262,0.219,0.017,1.017
87,0.000,0.344,0.011,1.011
88,0.472,0.332,0.009,1.009
89,0.000,0.000,0.003,1.003
90,0.082,0.000,0.006,1.006
91,0.074,0.000,0.000,1.000
92,0.111,0.327,0.000,1.000
93,0.013,0.213,0.000,1.000
94,0.302,0.015,0.016,1.016
95,0.274,0.382,0.420,1.523
96,0.170,0.299,0.011,1.011
97,0.425,0.298,0.009,1.009
98,0.534,0.651,0.017,1.017
99,0.003,0.136,0.000,1.000
100,0.104,0.126,0.003,1.003
101,0.000,0.447,0.003,1.003
102,0.080,3.415,0.022,1.022
103,0.000,0.907,0.000,1.000
104,0.000,0.212,0.000,1.000
105,0.226,0.594,0.003,1.003
106,0.093,0.065,0.000,1.000
107,0.000,0.000,0.000,1.000
108,1.046,0.842,0.000,1.000
109,0.202,0.335,0.000,1.000
110,0.011,0.670,0.000,1.000
111,0.401,0.360,0.006,1.006
112,0.233,0.561,0.008,1.008
113,0.000,0.139,0.000,1.000
114,0.000,0.228,0.000,1.000
115,0.000,0.000,0.000,1.000
116,0.000,0.000,0.000,1.000
117,0.000,0.000,0.000,1.000
118,0.009,0.104,0.000,1.000
119,0.000,0.312,0.000,1.000
120,0.041,0.125,0.003,1.003
121,0.097,0.490,0.000,1.000
122,0.002,0.338,0.000,1.000
123,0.100,0.126,0.000,1.000
124,0.047,0.149,0.000,1.000
125,0.214,0.322,0.000,1.000
126,0.000,0.654,0.003,1.003
127,0.084,0.201,0.188,1.207
128,0.041,0.001,0.000,1.000
129,0.304,0.841,0.000,1.000
130,0.467,0.291,0.003,1.003
131,0.000,0.000,0.000,1.000
132,1.809,0.404,0.006,1.006
133,0.091,0.187,0.000,1.000
134,0.113,1.135,0.000,1.000
135,0.142,1.361,0.003,1.003
136,0.292,6.601,0.000,1.000
137,0.235,1.049,0.000,1.000
138,0.221,2.392,0.111,1.117
139,0.298,6.179,0.006,1.006
140,0.488,3.548,0.011,1.011
141,0.454,3.883,0.017,1.017
142,0.160,10.947,1.041,2.832
143,0.295,4.795,0.259,1.295
144,,,0.662,1.939
145,0.370,7.596,0.273,1.314
146,0.694,2.427,0.406,1.501
147,0.666,11.004,0.107,1.113
148,0.147,0.851,0.009,1.009
149,0.085,0.413,0.000,1.000
150,0.215,0.513,0.008,1.008
151,0.158,0.029,0.006,1.006
152,0.157,1.119,0.142,1.153
153,0.717,3.379,0.023,1.023
154,0.129,1.543,0.034,1.034
155,0.140,2.528,0.000,1.000
156,0.297,0.551,0.491,1.634
157,0.119,1.449,0.793,2.209
158,0.344,4.864,0.570,1.768
159,0.012,1.712,0.003,1.003
160,0.471,2.066,0.000,1.000
161,0.406,2.207,0.000,1.000
162,0.328,2.103,0.000,1.000
163,0.700,0.860,0.000,1.000
164,0.120,0.708,0.006,1.006
165,0.000,0.000,0.000,1.000
166,0.000,0.000,0.000,1.000
167,0.058,0.037,0.006,1.006
168,0.074,0.220,0.003,1.003
169,0.137,0.000,0.003,1.003
170,0.274,0.256,0.003,1.003
171,0.146,0.514,0.003,1.003
172,0.132,0.344,0.006,1.006
173,0.205,0.253,0.012,1.012
174,0.142,0.395,0.009,1.009
175,0.048,0.172,0.003,1.003
176,0.232,1.692,0.006,1.006
177,0.378,0.290,0.009,1.009
178,0.109,0.000,0.006,1.006
179,0.026,0.147,0.003,1.003
180,0.477,0.224,0.116,1.123
181,0.771,0.923,0.021,1.021
182,0.543,0.804,0.035,1.035
183,0.453,0.216,0.379,1.461
184,0.277,0.085,0.025,1.025
185,0.276,0.224,0.014,1.014
186,0.246,0.065,0.017,1.017
187,0.054,0.072,0.014,1.014
188,0.202,0.136,0.009,1.009
189,0.024,0.000,0.003,1.003
190,0.205,0.317,0.090,1.094
191,0.000,0.000,0.000,1.000
192,0.108,0.501,0.000,1.000
193,0.578,0.319,0.003,1.003
194,0.167,0.041,0.000,1.000
195,0.020,0.136,0.000,1.000
196,1.075,0.765,0.000,1.000
197,0.000,0.000,0.003,1.003
198,0.790,0.816,0.003,1.003
199,0.109,0.374,0.003,1.003
200,2.494,0.640,0.030,1.030
201,0.233,0.021,0.000,1.000
202,0.048,0.083,0.000,1.000
203,0.000,0.192,0.000,1.000
204,0.863,0.286,0.000,1.000
205,0.271,0.645,0.000,1.000
206,0.000,0.041,0.000,1.000
207,0.495,0.091,0.000,1.000
208,0.147,0.063,0.003,1.003
209,0.252,0.367,0.006,1.006
210,0.036,0.059,0.112,1.118
211,0.185,0.251,0.356,1.427
212,0.427,0.107,0.366,1.441
213,0.856,0.015,0.900,2.460
214,0.415,0.124,0.015,1.015
215,0.271,0.000,0.140,1.151
216,0.001,0.000,0.195,1.215
217,0.124,0.042,0.003,1.003
218,0.390,0.153,0.014,1.014
219,0.027,0.093,0.000,1.000
220,0.000,0.118,0.000,1.000
221,0.118,0.491,0.006,1.006
222,1.108,1.121,0.138,1.149
223,0.000,0.000,0.000,1.000
224,0.039,0.361,0.003,1.003
225,0.000,0.000,0.000,1.000
226,0.078,0.500,0.000,1.000
227,0.173,0.048,0.000,1.000
228,1.187,1.126,0.000,1.000
229,0.065,0.296,0.003,1.003
230,1.305,0.365,0.000,1.000
231,0.255,0.000,0.006,1.006
232,0.896,0.628,0.006,1.006
233,0.111,0.136,0.000,1.000
234,2.386,1.213,0.000,1.000
235,0.009,0.000,0.000,1.000
236,0.970,1.282,0.000,1.000
237,0.141,0.500,0.003,1.003
238,0.000,0.205,0.000,1.000
239,0.100,0.457,0.000,1.000
240,0.112,0.853,0.003,1.003
241,0.049,1.107,0.107,1.112
242,0.022,0.008,0.119,1.126
243,0.290,3.178,0.120,1.128
244,0.071,1.576,0.003,1.003
245,0.395,2.419,0.207,1.230
246,1.056,8.053,0.017,1.017
247,0.462,0.460,0.017,1.017
248,0.008,0.839,0.019,1.019
249,0.028,0.320,0.014,1.014
250,0.265,0.282,0.033,1.033
251,0.136,0.142,0.014,1.014
252,0.893,1.259,0.336,1.399
253,0.304,0.304,0.071,1.074
254,0.046,0.166,0.010,1.011
255,0.064,1.119,0.010,1.011
256,0.320,4.653,0.016,1.016
257,0.098,1.202,0.108,1.114
258,0.096,1.889,0.017,1.017
259,0.081,0.629,0.009,1.009
260,0.271,0.348,0.000,1.000
261,0.250,0.141,0.006,1.006
262,0.142,0.872,0.023,1.023
263,0.210,0.469,0.003,1.003
264,0.119,0.466,0.192,1.211
265,0.006,0.452,0.000,1.000
266,0.006,0.000,0.000,1.000
267,0.000,0.057,0.003,1.003
268,0.211,0.000,0.000,1.000
269,0.194,0.339,0.000,1.000
270,0.264,0.050,0.000,1.000
271,0.222,0.225,0.006,1.006
272,0.335,0.306,0.003,1.003
273,0.000,0.000,0.000,1.000
274,0.345,0.051,0.000,1.000
275,0.342,0.060,0.000,1.000
276,0.079,0.218,0.000,1.000
277,0.576,0.353,0.000,1.000
278,0.097,0.401,0.000,1.000
279,0.235,0.124,0.000,1.000
280,0.182,0.080,0.000,1.000
281,0.123,0.259,0.006,1.006
282,0.292,0.217,0.003,1.003
283,0.000,0.000,0.000,1.000
284,0.117,0.105,0.003,1.003
285,0.009,0.026,0.000,1.000
286,0.255,0.083,0.013,1.013
287,0.000,0.066,0.000,1.000
288,0.485,0.213,0.009,1.009
289,0.000,0.000,0.015,1.015
290,0.000,0.000,0.000,1.000
291,0.000,0.000,0.000,1.000
292,0.454,0.158,0.003,1.003
293,0.033,0.000,0.003,1.003
294,0.115,0.239,0.000,1.000
295,0.000,0.000,0.000,1.000
296,0.003,0.077,0.000,1.000
297,0.000,0.004,0.000,1.000
298,0.000,0.000,0.000,1.000
299,0.194,0.062,0.008,1.008
300,0.000,0.000,0.000,1.000
301,0.000,0.000,0.000,1.000
302,0.019,0.000,0.000,1.000
303,0.009,0.157,0.000,1.000
304,0.163,0.028,0.003,1.003
305,0.025,0.096,0.000,1.000
306,0.000,0.000,0.006,1.006
307,0.129,0.277,0.000,1.000
308,0.000,0.000,0.003,1.003
309,0.045,0.138,0.003,1.003
310,0.000,0.000,0.000,1.000
311,0.000,0.000,0.000,1.000
312,0.000,0.093,0.000,1.000
313,0.000,0.077,0.000,1.000
314,0.000,0.571,0.006,1.006
315,0.242,0.076,0.000,1.000
316,0.096,0.454,0.000,1.000
317,0.224,0.000,0.000,1.000
318,0.000,0.004,0.000,1.000
319,0.000,0.000,0.000,1.000
320,0.000,0.443,0.000,1.000
321,0.258,0.026,0.003,1.003
322,0.001,0.000,0.000,1.000
323,0.441,0.863,0.016,1.016
324,0.031,0.286,0.000,1.000
325,0.000,0.348,0.000,1.000
326,0.000,0.000,0.000,1.000
327,0.100,0.083,0.000,1.000
328,0.000,0.000,0.000,1.000
329,0.118,0.041,0.003,1.003
330,0.119,0.075,0.006,1.006
331,0.148,0.000,0.000,1.000
332,0.438,0.281,0.188,1.207
333,0.429,0.073,0.000,1.000
334,0.582,0.367,0.003,1.003
335,1.489,1.002,0.003,1.003
336,0.000,0.000,0.000,1.000
337,1.381,0.423,0.000,1.000
338,0.000,0.000,0.000,1.000
339,0.933,0.346,0.967,2.630
340,0.021,0.001,0.006,1.006
341,0.166,0.028,0.000,1.000
342,0.000,0.000,0.003,1.003
343,0.014,0.000,0.003,1.003
344,0.706,0.538,0.003,1.003
345,0.543,0.011,0.000,1.000
346,0.997,0.166,0.698,2.010
347,1.154,0.712,0.006,1.006
348,1.857,0.513,0.003,1.003
349,0.038,0.151,0.000,1.000
350,0.000,0.000,0.000,1.000
351,0.067,0.500,0.000,1.000
352,1.940,0.905,0.000,1.000
353,0.000,0.000,0.000,1.000
354,0.436,0.296,0.003,1.003
355,0.000,0.000,0.000,1.000
356,1.726,2.146,0.214,1.238
357,6.457,2.786,0.010,1.011
358,0.033,0.000,0.000,1.000
359,1.112,0.214,0.003,1.003
360,0.352,0.543,0.000,1.000
361,0.000,0.000,0.000,1.000
362,0.443,0.417,0.000,1.000
363,1.142,0.194,0.000,1.000
364,0.000,0.029,0.000,1.000
365,1.007,0.466,0.000,1.000
366,0.279,0.569,0.000,1.000
367,1.440,0.555,0.027,1.028
368,0.958,0.703,0.358,1.431
369,0.000,0.000,0.000,1.000
370,0.219,0.231,0.000,1.000
371,2.958,2.060,0.870,2.386
372,0.000,0.250,0.003,1.003
373,0.569,0.698,0.689,1.993
374,0.537,0.230,0.000,1.000
375,2.668,1.550,0.691,1.997
376,1.519,1.258,0.663,1.940
377,0.078,0.742,0.000,1.000
378,0.000,0.000,0.003,1.003
379,0.000,0.000,0.000,1.000
380,0.270,0.113,0.000,1.000
381,0.074,0.127,0.000,1.000
382,0.096,0.005,0.014,1.014
383,0.183,0.043,0.000,1.000
384,0.074,0.205,0.003,1.003
385,0.765,0.252,0.008,1.008
386,0.000,0.000,0.000,1.000
387,0.000,0.000,0.000,1.000
388,0.000,0.000,0.000,1.000
389,0.319,0.138,0.000,1.000
390,0.000,0.000,0.000,1.000
391,0.000,0.000,0.000,1.000
392,0.311,0.145,0.000,1.000
393,0.897,0.258,0.000,1.000
394,0.000,0.000,0.000,1.000
395,0.471,0.000,0.000,1.000
396,0.102,0.000,0.000,1.000
397,0.059,0.001,0.000,1.000
398,0.000,0.000,0.000,1.000
399,0.094,0.000,0.000,1.000
400,0.000,0.088,0.000,1.000
401,0.033,0.000,0.000,1.000
402,0.000,0.000,0.003,1.003
403,0.000,0.148,0.192,1.211
404,0.000,0.352,0.000,1.000
405,0.211,0.501,0.653,1.921
406,0.051,0.000,0.000,1.000
407,0.050,0.003,0.000,1.000
408,1.849,1.411,0.709,2.031
409,0.000,0.000,0.000,1.000
410,0.043,0.051,0.000,1.000
411,0.000,0.042,0.006,1.006
412,0.000,0.000,0.000,1.000
413,0.067,0.014,0.000,1.000
414,0.000,0.000,0.011,1.011
415,0.254,0.467,0.000,1.000
416,0.000,0.000,0.000,1.000
417,0.045,0.337,0.807,2.241
418,0.000,0.000,0.000,1.000
419,0.000,0.000,0.000,1.000
420,4.242,1.797,0.000,1.000
421,2.482,1.398,0.000,1.000
422,,,0.000,1.000
423,0.015,0.040,0.000,1.000
424,0.000,0.000,0.000,1.000
425,0.129,0.156,0.000,1.000
426,0.143,0.030,0.000,1.000
427,0.542,0.551,0.006,1.006
428,0.865,0.273,0.000,1.000
429,0.000,0.025,0.000,1.000
430,0.063,0.000,0.000,1.000
431,0.000,0.000,0.000,1.000
432,0.000,0.000,0.000,1.000
433,0.029,0.000,0.003,1.003
434,0.013,0.000,0.000,1.000
435,0.478,0.491,0.006,1.006
436,0.000,0.000,0.000,1.000
437,0.000,0.000,0.000,1.000
438,0.067,0.095,0.003,1.003
439,0.797,0.444,0.031,1.031
440,2.949,2.678,0.719,2.052
441,0.151,0.272,0.000,1.000
442,0.000,0.000,0.000,1.000
443,0.098,0.117,0.000,1.000
444,1.625,1.810,0.107,1.113
445,0.862,1.167,0.563,1.756
446,0.567,0.884,0.574,1.775
447,3.031,1.079,0.000,1.000
448,1.093,0.568,0.003,1.003
449,1.665,0.549,0.006,1.006
450,2.842,0.404,0.189,1.209
451,1.361,0.391,0.008,1.008
452,1.575,0.590,0.839,2.313
453,1.655,1.335,0.003,1.003
454,0.016,0.118,0.000,1.000
455,3.633,1.012,0.212,1.236
456,4.214,0.155,0.182,1.200
457,0.064,0.114,0.000,1.000
458,0.604,0.556,0.003,1.003
459,0.109,0.013,0.008,1.008
460,0.000,0.030,0.513,1.670
461,0.047,0.066,0.000,1.000
462,1.116,0.675,0.000,1.000
463,0.324,0.210,0.000,1.000
464,0.035,0.046,0.000,1.000
465,0.375,0.085,0.000,1.000
466,0.000,0.326,0.000,1.000
467,0.000,0.000,0.000,1.000
468,0.346,0.183,0.003,1.003
469,0.000,0.056,0.000,1.000
470,0.393,0.026,0.003,1.003
471,0.570,0.049,0.000,1.000
472,0.950,0.092,0.000,1.000
473,6.873,0.164,0.000,1.000
474,0.126,0.179,0.000,1.000
475,2.721,0.179,0.006,1.006
476,0.609,0.197,0.000,1.000
477,0.114,0.517,0.701,2.016
478,1.045,1.259,0.813,2.254
479,0.206,0.170,0.000,1.000
480,,,0.000,1.000
481,0.021,0.000,0.192,1.211
482,0.219,0.042,0.000,1.000
483,0.940,0.988,0.203,1.225
484,0.505,0.770,1.011,2.748
485,0.863,0.574,0.006,1.006
486,0.151,1.978,0.866,2.378
487,1.021,0.330,0.003,1.003
488,0.000,0.000,0.000,1.000
489,0.283,0.225,0.000,1.000
490,1.879,0.139,0.387,1.473
491,0.234,0.000,0.000,1.000
492,0.082,0.000,0.000,1.000
493,0.143,0.336,0.447,1.564
494,0.442,0.054,0.025,1.025
495,0.022,0.361,0.000,1.000
496,0.429,0.061,0.222,1.249
497,0.000,0.000,0.000,1.000
498,0.239,0.062,0.693,1.999
499,0.226,0.334,0.006,1.006
500,0.153,0.000,0.006,1.006
501,0.500,0.028,0.728,2.072
502,0.000,0.000,0.006,1.006
503,0.123,0.000,0.009,1.009
504,0.545,0.444,0.003,1.003
505,0.000,0.516,0.805,2.237
506,,,0.000,1.000
507,0.000,0.000,0.008,1.008
508,0.000,0.000,0.003,1.003
509,0.000,0.000,0.000,1.000
510,0.041,0.029,0.000,1.000
511,0.000,0.000,0.000,1.000
512,0.000,0.000,0.000,1.000
513,0.298,0.063,0.000,1.000
514,0.316,0.526,0.000,1.000
515,0.138,0.139,0.000,1.000
516,0.135,0.000,0.000,1.000
517,0.408,0.086,0.000,1.000
518,1.159,0.164,0.000,1.000
519,0.614,0.076,0.003,1.003
520,0.737,0.144,0.008,1.008
521,0.214,0.179,0.065,1.067
522,0.078,0.000,0.011,1.011
523,0.185,0.200,0.003,1.003
524,0.000,0.000,0.000,1.000
525,0.000,0.000,0.000,1.000
526,0.000,0.000,0.000,1.000
527,0.000,0.000,0.000,1.000
528,0.000,0.097,0.003,1.003
529,0.225,0.093,0.003,1.003
530,0.000,0.000,0.000,1.000
531,,,0.000,1.000
532,0.042,0.053,0.006,1.006
533,0.000,0.000,0.000,1.000
534,0.074,0.051,0.000,1.000
535,0.000,0.000,0.000,1.000
536,0.000,0.000,0.000,1.000
537,0.002,0.000,0.000,1.000
538,0.000,0.000,0.000,1.000
539,0.000,0.127,0.000,1.000
540,0.263,0.348,0.000,1.000
541,0.000,0.000,0.000,1.000
542,0.000,0.000,0.000,1.000
543,0.024,0.101,0.000,1.000
544,0.000,0.000,0.000,1.000
545,0.000,0.000,0.000,1.000
546,0.083,0.011,0.000,1.000
547,0.269,0.012,0.263,1.300
548,0.000,0.000,0.000,1.000
549,0.061,0.044,0.000,1.000
550,,,0.000,1.000
551,0.004,0.107,0.000,1.000
552,0.050,0.000,0.000,1.000
553,0.000,0.034,0.003,1.003
554,0.164,0.556,0.203,1.226
555,0.000,0.000,0.000,1.000
556,0.180,0.250,0.006,1.006
557,0.000,0.000,0.000,1.000
558,0.270,0.522,0.008,1.008
559,0.000,0.000,0.000,1.000
560,0.009,0.000,0.000,1.000
561,0.074,0.191,0.000,1.000
562,0.000,0.000,0.000,1.000
563,,,0.000,1.000
564,0.000,0.000,0.000,1.000
565,0.154,0.050,0.006,1.006
566,0.000,0.077,0.000,1.000
567,0.000,0.062,0.000,1.000
568,0.218,0.082,0.000,1.000
569,0.037,0.020,0.000,1.000
570,0.456,0.043,0.394,1.483
571,0.428,0.160,0.000,1.000
572,1.680,0.771,0.036,1.037
573,0.047,0.056,0.008,1.008
574,0.397,0.340,0.017,1.017
575,0.000,0.000,0.006,1.006
576,0.156,0.029,0.000,1.000
577,0.070,0.000,0.003,1.003
578,0.000,0.000,0.000,1.000
579,,,0.000,1.000
580,0.612,0.470,0.000,1.000
581,0.000,0.006,0.000,1.000
582,0.390,0.059,0.000,1.000
583,0.000,0.114,0.018,1.019
584,0.000,0.000,0.000,1.000
585,0.063,0.087,0.000,1.000
586,0.167,0.052,0.000,1.000
587,0.000,0.000,0.000,1.000
588,0.000,0.292,0.000,1.000
589,0.000,0.000,0.000,1.000
590,,,0.000,1.000
591,0.217,0.167,0.000,1.000
592,0.000,0.094,0.000,1.000
593,0.095,0.335,0.000,1.000
594,0.027,0.074,0.000,1.000
595,0.000,0.000,0.000,1.000
596,0.000,0.000,0.000,1.000
597,0.000,0.000,0.000,1.000
598,0.000,0.000,0.000,1.000
599,0.000,0.000,0.000,1.000
600,0.000,0.000,0.000,1.000
601,0.000,0.000,0.000,1.000
602,0.000,0.000,0.000,1.000
603,0.089,0.157,0.000,1.000
604,0.016,0.061,0.000,1.000
605,0.000,0.000,0.000,1.000
606,0.000,0.136,0.000,1.000
607,0.021,0.000,0.000,1.000
608,0.004,0.000,0.000,1.000
609,0.000,0.000,0.000,1.000
610,0.000,0.000,0.000,1.000
611,0.000,0.000,0.000,1.000
612,0.000,0.000,0.000,1.000
613,0.818,0.498,0.062,1.064
614,0.605,1.155,0.235,1.265
615,0.023,0.154,0.000,1.000
616,0.000,0.000,0.000,1.000
617,0.000,0.000,0.000,1.000
618,0.030,0.180,0.003,1.003
619,0.000,0.097,0.009,1.009
620,0.000,0.073,0.000,1.000
621,0.279,0.107,0.193,1.212
622,0.560,0.287,0.009,1.009
623,0.372,0.008,0.008,1.008
624,0.000,0.256,0.000,1.000
625,0.000,0.193,0.000,1.000
626,0.000,0.003,0.003,1.003
627,0.272,0.298,0.000,1.000
628,0.083,0.598,0.003,1.003
629,0.239,0.118,0.000,1.000
630,0.000,0.000,0.000,1.000
631,0.000,0.000,0.003,1.003
632,0.000,0.275,0.000,1.000
633,0.000,0.000,0.000,1.000
634,0.260,0.170,0.000,1.000
635,0.070,0.091,0.003,1.003
636,0.000,0.040,0.000,1.000
637,0.087,0.000,0.000,1.000
638,0.002,0.030,0.003,1.003
639,0.000,0.000,0.000,1.000
640,0.076,0.427,0.016,1.016
641,0.000,0.000,0.000,1.000
642,0.056,0.098,0.000,1.000
643,0.000,0.000,0.008,1.008
644,0.010,0.017,0.000,1.000
645,0.000,0.000,0.000,1.000
646,0.237,0.444,0.006,1.006
647,0.000,0.000,0.006,1.006
648,0.000,0.000,0.000,1.000
649,0.000,0.000,0.000,1.000
650,0.000,0.000,0.000,1.000
651,0.010,0.013,0.003,1.003
652,0.000,0.000,0.000,1.000
653,0.083,0.000,0.013,1.013
654,0.081,0.000,0.012,1.012
655,0.042,0.000,0.684,1.982
656,0.000,0.209,0.000,1.000
657,0.129,0.155,0.003,1.003
658,0.234,0.332,0.035,1.036
659,0.018,0.160,0.000,1.000
660,0.027,0.013,0.000,1.000
661,0.036,0.146,0.010,1.011
662,,,0.000,1.000
663,0.000,0.000,0.000,1.000
664,0.000,0.000,0.000,1.000
665,,,0.000,1.000
666,0.000,0.000,0.003,1.003
667,0.000,0.039,0.000,1.000
668,0.128,0.190,0.000,1.000
669,0.000,0.000,0.000,1.000
670,0.000,0.048,0.015,1.015
671,0.000,0.000,0.000,1.000
672,0.059,0.138,0.000,1.000
673,0.012,0.000,0.003,1.003
674,0.000,0.000,0.000,1.000
675,0.054,0.077,0.039,1.040
676,0.147,0.298,0.009,1.009
677,0.563,0.159,0.117,1.124
678,0.156,0.099,0.015,1.015
679,0.815,0.839,0.694,2.001
680,0.103,0.370,0.006,1.006
681,0.362,0.381,1.068,2.910
682,0.000,0.000,0.035,1.036
683,0.007,0.035,0.006,1.006
684,0.074,0.125,0.014,1.014
685,0.000,0.000,0.000,1.000
686,0.130,0.014,0.000,1.000
687,0.000,0.037,0.000,1.000
688,0.602,0.566,0.021,1.021
689,0.100,0.001,0.014,1.014
690,0.107,0.243,0.000,1.000
691,0.222,0.229,0.003,1.003
692,0.007,0.234,0.000,1.000
693,0.008,0.000,0.003,1.003
694,0.015,0.000,0.003,1.003
695,0.000,0.000,0.000,1.000
696,0.027,0.076,0.000,1.000
697,0.109,0.081,0.000,1.000
698,0.000,0.000,0.006,1.006
699,0.000,0.000,0.000,1.000
700,0.000,0.000,0.000,1.000
701,0.086,0.204,0.127,1.135
702,0.031,0.697,0.003,1.003
703,0.006,0.000,0.006,1.006
704,0.003,0.477,0.045,1.046
705,0.020,0.188,0.000,1.000
706,0.000,0.188,0.003,1.003
707,0.000,0.000,0.000,1.000
708,0.000,0.100,0.008,1.008
709,0.000,0.000,0.000,1.000
710,0.026,0.381,0.000,1.000
711,0.000,0.949,0.000,1.000
712,0.006,0.519,0.000,1.000
713,0.000,0.014,0.000,1.000
714,0.002,0.071,0.003,1.003
715,0.000,0.000,0.000,1.000
716,0.010,0.270,0.197,1.217
717,0.012,0.000,0.000,1.000
718,0.000,0.000,0.000,1.000
719,0.000,0.241,0.003,1.003
720,,,0.000,1.000
721,0.000,0.009,0.000,1.000
722,0.000,0.000,0.000,1.000
723,0.015,0.110,0.000,1.000
724,0.000,0.036,0.000,1.000
725,,,0.000,1.000
726,0.000,0.000,0.000,1.000
727,0.000,0.000,0.000,1.000
728,0.001,0.141,0.000,1.000
729,0.000,0.000,0.000,1.000
730,0.000,0.000,0.003,1.003
731,0.000,0.004,0.029,1.029
732,0.187,0.000,0.029,1.030
733,0.000,0.009,0.000,1.000
734,0.076,0.192,0.003,1.003
735,0.091,0.107,0.000,1.000
736,0.030,0.000,0.000,1.000
737,0.000,0.016,0.000,1.000
738,0.000,0.000,0.000,1.000
739,0.119,0.000,0.000,1.000
740,0.522,0.418,0.006,1.006
741,0.000,0.000,0.000,1.000
742,0.006,0.000,0.000,1.000
743,0.000,0.000,0.003,1.003
744,0.149,0.172,0.000,1.000
745,0.000,0.000,0.000,1.000
746,0.087,0.000,0.000,1.000
747,0.057,0.134,0.008,1.008
748,0.109,0.123,0.000,1.000
749,,,0.000,1.000
750,0.059,0.000,0.000,1.000
751,0.000,0.215,0.000,1.000
752,0.000,0.000,0.003,1.003
753,0.000,0.022,0.000,1.000
754,0.166,0.067,0.003,1.003
755,0.402,0.160,0.000,1.000
756,0.000,0.000,0.000,1.000
757,0.000,0.141,0.000,1.000
758,0.131,0.000,0.000,1.000
759,0.087,0.244,0.000,1.000
760,0.000,0.000,0.000,1.000
761,0.069,0.354,0.003,1.003
762,0.000,0.000,0.000,1.000
763,0.000,0.068,0.000,1.000
764,0.415,2.120,0.707,2.028
765,0.358,0.430,0.006,1.006
766,0.018,0.374,0.000,1.000
767,0.000,0.000,0.000,1.000
768,0.080,0.000,0.003,1.003
769,0.289,1.200,0.020,1.020
770,0.036,0.148,0.006,1.006
771,0.000,0.000,0.009,1.009
772,0.000,0.464,0.000,1.000
773,0.003,0.186,0.000,1.000
774,0.000,0.000,0.000,1.000
775,0.000,0.000,0.000,1.000
776,0.016,0.327,0.000,1.000
777,0.000,0.253,0.000,1.000
778,0.003,0.048,0.000,1.000
779,0.012,0.479,0.000,1.000
780,0.038,0.553,0.009,1.009
781,0.000,0.000,0.000,1.000
782,0.010,0.024,0.000,1.000
783,0.007,0.352,0.000,1.000
784,0.033,0.168,0.003,1.003
785,0.016,0.000,0.000,1.000
786,0.048,0.253,0.000,1.000
787,0.017,1.163,0.000,1.000
788,0.012,0.000,0.000,1.000
789,0.000,0.136,0.000,1.000
790,0.079,0.088,0.000,1.000
791,0.028,0.830,0.010,1.011
792,0.022,0.618,0.000,1.000
793,0.040,0.368,0.003,1.003
794,0.010,0.152,0.000,1.000
795,0.060,0.249,0.000,1.000
796,0.045,0.831,0.702,2.017
797,0.001,0.515,0.003,1.003
798,0.000,0.739,0.016,1.016
799,0.000,0.000,0.003,1.003
800,0.000,0.000,0.000,1.000
801,0.000,0.109,0.003,1.003
802,0.000,0.000,0.000,1.000
803,0.015,0.487,0.000,1.000
804,0.047,0.841,0.000,1.000
805,0.009,0.000,0.003,1.003
806,0.000,0.284,0.000,1.000
807,0.130,0.315,0.000,1.000
808,0.249,0.742,0.000,1.000
809,0.122,0.377,0.006,1.006
810,0.001,0.449,0.003,1.003
811,0.157,0.090,0.000,1.000
812,0.179,0.165,0.033,1.034
813,0.087,0.433,0.009,1.009
814,0.052,0.191,0.000,1.000
815,0.022,0.000,0.003,1.003
816,0.000,0.000,0.000,1.000
817,0.000,0.000,0.000,1.000
818,,,0.003,1.003
819,0.000,0.000,0.000,1.000
820,0.020,0.486,0.000,1.000
821,0.000,0.044,0.000,1.000
822,0.000,0.068,0.006,1.006
823,0.006,0.039,0.000,1.000
824,0.100,0.103,0.000,1.000
825,0.008,0.259,0.000,1.000
826,0.000,0.000,0.000,1.000
827,0.022,0.000,0.000,1.000
828,0.034,0.143,0.000,1.000
829,0.186,0.048,0.008,1.008
830,0.000,0.000,0.000,1.000
831,0.135,0.105,0.003,1.003
832,0.025,0.000,0.000,1.000
833,0.000,0.000,0.000,1.000
834,0.238,0.115,0.003,1.003
835,0.098,0.029,0.000,1.000
836,0.031,0.290,0.003,1.003
837,0.290,0.890,0.000,1.000
838,0.086,0.027,0.000,1.000
839,0.000,0.084,0.009,1.009
840,0.000,0.000,0.000,1.000
841,0.370,0.819,0.003,1.003
842,0.298,0.362,0.000,1.000
843,0.154,0.685,0.000,1.000
844,0.103,0.409,0.000,1.000
845,0.036,0.504,0.018,1.018
846,0.030,1.162,0.006,1.006
847,0.000,0.000,0.000,1.000
848,0.000,0.000,0.000,1.000
849,0.000,0.227,0.000,1.000
850,0.025,0.303,0.022,1.022
851,0.000,0.000,0.000,1.000
852,0.643,0.554,0.003,1.003
853,0.000,0.288,0.000,1.000
854,0.172,0.834,0.003,1.003
855,0.000,0.000,0.000,1.000
856,0.537,0.027,0.228,1.256
857,0.000,0.000,0.000,1.000
858,0.000,0.000,0.000,1.000
859,0.305,0.586,0.023,1.023
860,0.094,0.267,0.000,1.000
861,0.000,0.133,0.000,1.000
862,0.038,0.471,0.003,1.003
863,0.000,0.000,0.000,1.000
864,0.000,0.000,0.000,1.000
865,0.016,0.178,0.000,1.000
866,0.000,0.000,0.000,1.000
867,0.000,0.761,0.000,1.000
868,0.000,0.235,0.000,1.000
869,0.000,0.257,0.000,1.000
870,0.077,0.522,0.000,1.000
871,0.027,0.110,0.006,1.006
872,0.005,0.000,0.000,1.000
873,0.000,0.000,0.000,1.000
874,0.000,0.082,0.000,1.000
875,0.000,0.000,0.000,1.000
876,0.013,0.503,0.003,1.003
877,0.000,0.045,0.000,1.000
878,0.043,0.148,0.000,1.000
879,0.000,0.719,0.016,1.016
880,0.000,0.000,0.000,1.000
881,0.011,0.411,0.000,1.000
882,0.004,0.033,0.000,1.000
883,0.259,0.862,0.010,1.011
884,0.000,0.438,0.000,1.000
885,0.000,0.000,0.000,1.000
886,0.033,0.265,0.000,1.000
887,0.000,0.494,0.000,1.000
888,0.028,0.851,0.032,1.033
889,0.000,0.294,0.000,1.000
890,0.000,0.369,0.000,1.000
891,0.000,0.000,0.003,1.003
892,0.002,0.322,0.000,1.000
893,0.000,0.000,0.003,1.003
894,0.000,0.000,0.000,1.000
895,0.005,0.297,0.003,1.003
896,0.011,0.697,0.000,1.000
897,0.000,0.000,0.000,1.000
898,0.000,0.000,0.000,1.000
899,0.000,0.409,0.013,1.013
900,0.000,0.000,0.006,1.006
901,0.000,0.000,0.000,1.000
902,0.000,0.000,0.000,1.000
903,0.000,0.000,0.000,1.000
904,0.000,0.743,0.000,1.000
905,0.000,0.000,0.000,1.000
906,0.000,0.000,0.000,1.000
907,0.001,0.057,0.000,1.000
908,0.006,0.998,0.000,1.000
909,0.025,0.104,0.000,1.000
910,0.000,0.126,0.000,1.000
911,0.000,0.000,0.000,1.000
912,0.000,0.051,0.000,1.000
913,0.000,0.118,0.000,1.000
914,0.000,0.000,0.000,1.000
915,0.005,0.000,0.000,1.000
916,0.000,0.000,0.000,1.000
917,0.000,0.000,0.000,1.000
918,0.010,0.339,0.000,1.000
919,,,0.000,1.000
920,0.000,0.137,0.000,1.000
921,0.000,0.098,0.000,1.000
922,0.025,0.532,0.003,1.003
923,0.000,0.000,0.000,1.000
924,0.000,0.080,0.000,1.000
925,0.064,0.111,0.000,1.000
926,0.004,0.230,0.000,1.000
927,0.000,0.293,0.000,1.000
928,0.000,0.000,0.000,1.000
929,0.000,0.504,0.006,1.006
930,0.000,0.000,0.003,1.003
931,0.000,0.000,0.000,1.000
932,0.248,0.321,0.000,1.000
933,0.009,0.734,0.000,1.000
934,0.029,0.650,0.000,1.000
935,0.070,0.106,0.000,1.000
936,0.099,0.000,0.017,1.017
937,0.015,0.000,0.000,1.000
938,0.012,0.094,0.006,1.006
939,0.056,0.111,0.205,1.228
940,0.121,0.223,0.009,1.009
941,0.000,0.065,0.000,1.000
942,0.000,0.000,0.000,1.000
943,0.137,0.089,0.014,1.014
944,0.000,0.000,0.000,1.000
945,0.000,0.000,0.000,1.000
946,0.140,0.159,0.000,1.000
947,0.021,0.070,0.000,1.000
948,0.000,0.101,0.000,1.000
949,0.000,0.000,0.000,1.000
950,0.039,0.083,0.479,1.614
951,0.000,0.000,0.000,1.000
952,0.000,0.000,0.000,1.000
953,0.000,0.000,0.000,1.000
954,0.800,0.298,0.682,1.978
955,0.000,0.000,0.000,1.000
956,0.020,0.000,0.000,1.000
957,0.000,0.022,0.006,1.006
958,0.000,0.010,0.000,1.000
959,0.000,0.000,0.000,1.000
960,0.088,0.000,0.000,1.000
961,0.012,0.000,0.000,1.000
962,0.000,0.000,0.000,1.000
963,0.000,0.102,0.000,1.000
964,0.401,0.134,0.003,1.003
965,0.000,0.000,0.000,1.000
966,0.000,0.000,0.000,1.000
967,0.014,0.171,0.000,1.000
968,0.050,0.393,0.003,1.003
969,0.121,0.071,0.679,1.973
970,,,0.000,1.000
971,0.000,0.000,0.000,1.000
972,0.000,0.000,0.000,1.000
973,0.000,0.000,0.000,1.000
974,,,0.000,1.000
975,0.206,0.000,0.000,1.000
976,0.508,0.294,0.000,1.000
977,0.000,0.000,0.000,1.000
978,0.000,0.000,0.000,1.000
979,0.339,0.226,0.000,1.000
980,0.000,0.000,0.000,1.000
981,0.108,0.000,0.225,1.253
982,0.175,0.484,0.193,1.212
983,0.000,0.513,0.000,1.000
984,0.000,0.000,0.000,1.000
985,0.000,0.000,0.000,1.000
986,0.000,0.055,0.000,1.000
987,0.398,0.108,0.003,1.003
988,0.102,0.177,0.000,1.000
989,0.000,0.000,0.000,1.000
990,0.986,0.231,0.000,1.000
991,0.000,0.000,0.000,1.000
992,0.000,0.000,0.003,1.003
993,0.026,0.000,0.000,1.000
994,0.000,0.000,0.000,1.000
995,0.000,0.000,0.003,1.003
996,0.000,0.000,0.000,1.000
997,0.027,0.302,0.000,1.000
998,0.053,0.157,0.000,1.000
999,0.000,0.000,0.000,1.000
1000,0.000,0.000,0.000,1.000
1001,0.000,0.000,0.000,1.000
1002,0.163,0.152,0.000,1.000
1003,0.079,0.000,0.006,1.006
1004,0.000,0.000,0.000,1.000
1005,0.000,0.225,0.000,1.000
1006,0.026,0.562,0.009,1.009
1007,0.000,0.000,0.000,1.000
1008,0.000,0.180,0.000,1.000
1009,0.067,0.319,0.000,1.000
1010,0.026,0.636,0.000,1.000
1011,0.000,0.000,0.000,1.000
1012,0.042,0.437,0.000,1.000
1013,0.041,0.000,0.000,1.000
1014,0.035,0.252,0.000,1.000
1015,0.005,0.033,0.000,1.000
1016,0.224,0.013,0.000,1.000
1017,0.000,0.000,0.000,1.000
1018,0.198,0.208,0.000,1.000
1019,0.000,0.000,0.000,1.000
1020,0.020,0.073,0.032,1.032
1021,0.014,0.455,0.000,1.000
1022,0.000,0.029,0.000,1.000
1023,0.040,0.305,0.000,1.000
1024,0.018,0.134,0.000,1.000
1025,0.002,0.010,0.000,1.000
1026,0.000,0.000,0.000,1.000
1027,0.021,0.218,0.083,1.087
1028,0.000,0.000,0.000,1.000
1029,0.039,0.078,0.000,1.000
1030,0.049,0.149,0.000,1.000
1031,0.000,0.000,0.000,1.000
1032,0.000,0.000,0.000,1.000
1033,0.000,0.047,0.003,1.003
1034,0.000,0.094,0.000,1.000
1035,0.000,0.000,0.000,1.000
1036,0.000,0.000,0.000,1.000
1037,0.000,0.043,0.000,1.000
1038,0.028,0.308,0.006,1.006
1039,0.000,0.000,0.000,1.000
1040,0.042,0.335,0.009,1.009
1041,0.067,0.356,0.000,1.000
1042,0.000,0.102,0.000,1.000
1043,0.000,0.000,0.000,1.000
1044,0.000,0.000,0.000,1.000
1045,0.096,0.704,0.000,1.000
1046,0.000,0.355,0.000,1.000
1047,0.000,0.000,0.000,1.000
1048,0.000,0.000,0.000,1.000
1049,0.000,0.078,0.000,1.000
1050,0.037,0.055,0.000,1.000
1051,0.000,0.000,0.000,1.000
1052,0.039,0.133,0.000,1.000
1053,0.000,0.000,0.000,1.000
1054,0.000,0.000,0.000,1.000
1055,0.034,0.012,0.000,1.000
1056,0.000,0.000,0.000,1.000
1057,0.000,0.000,0.000,1.000
1058,0.000,0.000,0.003,1.003
1059,0.000,0.000,0.000,1.000
1060,0.069,0.147,0.000,1.000
1061,0.000,0.000,0.000,1.000
1062,0.000,0.061,0.000,1.000
1063,0.009,0.303,0.003,1.003
1064,0.000,0.000,0.000,1.000
1065,0.013,0.370,0.000,1.000
1066,0.105,0.549,0.003,1.003
1067,0.000,0.047,0.000,1.000
1068,0.000,0.687,0.000,1.000
1069,0.007,0.000,0.000,1.000
1070,0.044,0.399,0.013,1.013
1071,0.041,0.462,0.015,1.015
1072,0.000,0.474,0.000,1.000
1073,0.100,0.618,0.009,1.009
1074,0.018,0.002,0.008,1.008
1075,0.000,0.056,0.000,1.000
1076,0.010,0.108,0.003,1.003
1077,0.028,0.112,0.000,1.000
1078,0.016,0.355,0.010,1.011
1079,0.000,0.557,0.003,1.003
1080,0.000,0.054,0.000,1.000
1081,0.019,0.000,0.006,1.006
1082,0.000,0.000,0.000,1.000
1083,0.000,0.001,0.003,1.003
1084,0.054,0.187,0.012,1.012
1085,0.026,0.249,0.000,1.000
1086,0.072,0.944,0.014,1.014
1087,0.012,0.000,0.010,1.011
1088,0.010,0.092,0.003,1.003
1089,0.000,0.114,0.000,1.000
1090,0.000,0.000,0.000,1.000
1091,0.000,0.451,0.003,1.003
1092,0.000,0.033,0.003,1.003
1093,0.002,0.217,0.000,1.000
1094,0.037,0.501,0.000,1.000
1095,0.018,0.350,0.000,1.000
1096,0.039,0.221,0.003,1.003
1097,0.024,0.627,0.003,1.003
1098,0.000,0.087,0.000,1.000
1099,0.085,0.546,0.000,1.000
1100,0.000,0.056,0.003,1.003
1101,0.031,0.118,0.027,1.028
1102,0.003,0.348,0.000,1.000
1103,0.006,0.115,0.000,1.000
1104,0.004,0.124,0.119,1.126
1105,0.000,0.000,0.000,1.000
1106,0.000,0.000,0.000,1.000
1107,0.001,0.319,0.003,1.003
1108,0.000,0.478,0.000,1.000
1109,0.000,0.044,0.000,1.000
1110,0.000,0.110,0.000,1.000
1111,0.000,1.042,0.006,1.006
1112,0.018,0.107,0.000,1.000
1113,0.018,0.007,0.000,1.000
1114,0.042,0.357,0.003,1.003
1115,0.018,0.387,0.000,1.000
1116,0.051,0.341,0.003,1.003
1117,0.000,0.103,0.000,1.000
1118,0.024,0.018,0.199,1.221
1119,0.000,0.000,0.000,1.000
1120,0.005,0.273,0.000,1.000
1121,0.000,0.000,0.000,1.000
1122,0.019,0.063,0.006,1.006
1123,0.000,0.073,0.000,1.000
1124,0.036,0.000,0.006,1.006
1125,0.035,0.415,0.000,1.000
1126,0.000,0.000,0.000,1.000
1127,0.051,0.295,0.000,1.000
1128,0.000,0.734,0.000,1.000
1129,0.000,0.000,0.000,1.000
1130,0.015,0.484,0.000,1.000
1131,0.038,0.279,0.003,1.003
1132,0.015,0.038,0.006,1.006
1133,0.044,0.000,0.006,1.006
1134,0.014,0.000,0.000,1.000
1135,0.014,0.082,0.000,1.000
1136,0.011,0.000,0.000,1.000
1137,0.002,0.000,0.000,1.000
1138,0.013,0.000,0.000,1.000
1139,0.000,0.106,0.006,1.006
1140,0.000,0.000,0.000,1.000
1141,0.009,0.146,0.003,1.003
1142,0.000,0.213,0.000,1.000
1143,0.011,0.000,0.199,1.221
1144,0.000,0.005,0.000,1.000
1145,0.000,0.000,0.000,1.000
1146,0.002,0.365,0.003,1.003
1147,0.015,0.000,0.000,1.000
1148,0.001,0.000,0.000,1.000
1149,0.000,0.000,0.000,1.000
1150,0.030,0.074,0.010,1.011
1151,0.000,0.000,0.000,1.000
1152,0.000,0.000,0.000,1.000
1153,0.021,0.245,0.019,1.019
1154,0.028,0.000,0.000,1.000
1155,0.000,0.065,0.017,1.017
1156,0.000,0.000,0.000,1.000
1157,0.000,0.054,0.003,1.003
1158,0.012,0.000,0.000,1.000
1159,0.000,0.014,0.000,1.000
1160,0.000,0.000,0.000,1.000
1161,0.002,0.000,0.000,1.000
1162,0.089,0.085,0.027,1.027
1163,0.028,1.203,0.006,1.006
1164,0.006,0.000,0.000,1.000
1165,0.014,0.146,0.000,1.000
1166,0.000,0.000,0.000,1.000
1167,0.000,0.000,0.011,1.011
1168,0.014,0.000,0.000,1.000
1169,0.008,0.508,0.000,1.000
1170,0.016,0.299,0.003,1.003
1171,0.022,0.039,0.000,1.000
1172,0.000,0.050,0.000,1.000
1173,0.008,0.444,0.003,1.003
1174,0.000,0.000,0.000,1.000
1175,0.010,0.000,0.000,1.000
1176,0.006,0.499,0.158,1.171
1177,0.000,0.000,0.000,1.000
1178,0.013,0.280,0.003,1.003
1179,0.006,0.000,0.003,1.003
1180,0.005,0.000,0.000,1.000
1181,0.010,1.256,0.006,1.006
1182,0.000,0.000,0.003,1.003
1183,0.000,0.000,0.000,1.000
1184,0.007,0.000,0.000,1.000
1185,0.011,1.026,0.000,1.000
1186,0.000,0.388,0.000,1.000
1187,0.014,0.181,0.003,1.003
1188,0.012,0.000,0.000,1.000
1189,0.013,0.081,0.000,1.000
1190,0.013,0.000,0.000,1.000
1191,0.003,0.535,0.015,1.015
1192,0.013,0.141,0.000,1.000
1193,0.000,0.000,0.000,1.000
1194,0.001,0.000,0.000,1.000
1195,0.016,0.156,0.000,1.000
1196,0.000,0.067,0.000,1.000
1197,0.007,0.063,0.000,1.000
1198,0.000,0.000,0.000,1.000
1199,0.001,0.093,0.013,1.013
1200,0.000,0.090,0.003,1.003
1201,0.017,0.397,0.003,1.003
1202,0.005,0.031,0.021,1.021
1203,0.000,0.017,0.006,1.006
1204,0.000,0.125,0.000,1.000
1205,0.002,0.526,0.000,1.000
1206,0.001,0.000,0.000,1.000
1207,0.000,0.000,0.000,1.000
1208,0.002,0.051,0.006,1.006
1209,0.000,0.000,0.000,1.000
1210,0.000,0.000,0.000,1.000
1211,0.000,0.000,0.000,1.000
1212,0.000,0.000,0.000,1.000
1213,0.000,0.000,0.000,1.000
1214,0.000,0.000,0.000,1.000
1215,0.006,0.042,0.000,1.000
1216,0.008,0.175,0.000,1.000
1217,0.000,0.000,0.000,1.000
1218,0.000,0.000,0.000,1.000
1219,0.007,0.188,0.008,1.008
1220,0.000,0.000,0.000,1.000
1221,0.002,0.044,0.059,1.061
1222,0.002,0.002,0.000,1.000
1223,0.000,0.004,0.000,1.000
1224,0.009,0.076,0.000,1.000
1225,0.006,0.165,0.000,1.000
1226,0.002,0.000,0.000,1.000
1227,0.001,0.021,0.000,1.000
1228,0.006,0.015,0.019,1.019
1229,0.002,0.000,0.025,1.025
1230,0.002,0.000,0.000,1.000
1231,0.000,0.086,0.000,1.000
1232,0.002,0.112,0.000,1.000
1233,0.000,0.000,0.000,1.000
1234,0.005,0.049,0.003,1.003
1235,0.000,0.000,0.008,1.008
1236,0.000,0.126,0.000,1.000
1237,0.000,0.000,0.014,1.014
1238,0.003,0.000,0.000,1.000
1239,0.002,0.000,0.000,1.000
1240,0.006,0.000,0.000,1.000
1241,0.000,0.000,0.000,1.000
1242,0.006,0.000,0.003,1.003
1243,0.000,0.001,0.053,1.054
1244,0.000,0.309,0.000,1.000
1245,0.000,0.016,0.000,1.000
1246,0.000,0.026,0.000,1.000
1247,0.007,0.000,0.000,1.000
1248,0.000,0.000,0.000,1.000
1249,0.002,0.056,0.000,1.000
1250,0.005,0.172,0.000,1.000
1251,0.010,0.152,0.003,1.003
1252,0.002,0.093,0.003,1.003
1253,,,0.000,1.000
1254,,,0.000,1.000
1255,,,0.000,1.000
1256,,,0.000,1.000
1257,,,0.000,1.000
1258,,,0.000,1.000
1259,,,0.000,1.000
1260,,,0.009,1.009
1261,,,0.000,1.000
1262,,,0.000,1.000
1263,,,0.019,1.019
1264,,,0.046,1.047
1265,,,0.008,1.008
1266,,,0.008,1.008
1267,,,0.000,1.000
1268,,,0.000,1.000
1269,,,0.000,1.000
1270,,,0.000,1.000
1271,,,0.000,1.000
1272,,,0.000,1.000
